instancia,seed,job_id,nodo,valor_objetivo,tiempo_ejecucion,exito
erdos_n1000_p0c0.1_10,42,3961049,luthier20,,10,SI
erdos_n1000_p0c0.1_11,42,3961050,luthier20,,10,SI
erdos_n1000_p0c0.1_12,42,3961051,luthier20,,10,SI
erdos_n1000_p0c0.1_13,42,3961052,luthier21,,10,SI
erdos_n1000_p0c0.1_14,42,3961053,luthier21,,10,SI
erdos_n1000_p0c0.1_15,42,3961054,luthier21,,10,SI
erdos_n1000_p0c0.1_16,42,3961055,luthier22,,10,SI
erdos_n1000_p0c0.1_17,42,3961056,luthier22,,10,SI
erdos_n1000_p0c0.1_18,42,3961057,luthier22,,10,SI
erdos_n1000_p0c0.1_19,42,3961058,luthier23,,10,SI
erdos_n1000_p0c0.1_1,42,3961040,luthier16,,10,SI
erdos_n1000_p0c0.1_20,42,3961059,luthier23,,10,SI
erdos_n1000_p0c0.1_21,42,3961060,luthier23,,10,SI
erdos_n1000_p0c0.1_22,42,3961061,luthier24,,10,SI
erdos_n1000_p0c0.1_23,42,3961062,luthier24,,10,SI
erdos_n1000_p0c0.1_24,42,3961063,luthier24,,10,SI
erdos_n1000_p0c0.1_25,42,3961064,luthier25,,10,SI
erdos_n1000_p0c0.1_26,42,3961065,luthier25,,10,SI
erdos_n1000_p0c0.1_27,42,3961066,luthier25,,10,SI
erdos_n1000_p0c0.1_28,42,3961067,luthier26,,10,SI
erdos_n1000_p0c0.1_29,42,3961068,luthier26,,10,SI
erdos_n1000_p0c0.1_2,42,3961041,luthier16,,10,SI
erdos_n1000_p0c0.1_30,42,3961069,luthier26,,10,SI
erdos_n1000_p0c0.1_3,42,3961042,luthier16,,10,SI
erdos_n1000_p0c0.1_4,42,3961043,luthier17,,10,SI
erdos_n1000_p0c0.1_5,42,3961044,luthier17,,10,SI
erdos_n1000_p0c0.1_6,42,3961045,luthier17,,10,SI
erdos_n1000_p0c0.1_7,42,3961046,luthier18,,10,SI
erdos_n1000_p0c0.1_8,42,3961047,luthier18,,10,SI
erdos_n1000_p0c0.1_9,42,3961048,luthier18,,10,SI
erdos_n1000_p0c0.2_10,42,3961079,luthier30,,10,SI
erdos_n1000_p0c0.2_11,42,3961080,luthier30,,10,SI
erdos_n1000_p0c0.2_12,42,3961081,luthier30,,10,SI
erdos_n1000_p0c0.2_13,42,3961082,luthier16,,10,SI
erdos_n1000_p0c0.2_14,42,3961083,luthier16,,10,SI
erdos_n1000_p0c0.2_15,42,3961084,luthier16,,10,SI
erdos_n1000_p0c0.2_16,42,3961085,luthier17,,10,SI
erdos_n1000_p0c0.2_17,42,3961086,luthier17,,10,SI
erdos_n1000_p0c0.2_18,42,3961087,luthier17,,10,SI
erdos_n1000_p0c0.2_19,42,3961088,luthier23,,10,SI
erdos_n1000_p0c0.2_1,42,3961070,luthier27,,10,SI
erdos_n1000_p0c0.2_20,42,3961089,luthier23,,10,SI
erdos_n1000_p0c0.2_21,42,3961090,luthier23,,10,SI
erdos_n1000_p0c0.2_22,42,3961091,luthier29,,10,SI
erdos_n1000_p0c0.2_23,42,3961092,luthier29,,10,SI
erdos_n1000_p0c0.2_24,42,3961093,luthier28,,10,SI
erdos_n1000_p0c0.2_25,42,3961094,luthier28,,10,SI
erdos_n1000_p0c0.2_26,42,3961095,luthier28,,10,SI
erdos_n1000_p0c0.2_27,42,3961096,luthier18,,10,SI
erdos_n1000_p0c0.2_28,42,3961097,luthier29,,10,SI
erdos_n1000_p0c0.2_29,42,3961098,luthier20,,10,SI
erdos_n1000_p0c0.2_2,42,3961071,luthier27,,10,SI
erdos_n1000_p0c0.2_30,42,3961099,luthier21,,10,SI
erdos_n1000_p0c0.2_3,42,3961072,luthier27,,10,SI
erdos_n1000_p0c0.2_4,42,3961073,luthier28,,10,SI
erdos_n1000_p0c0.2_5,42,3961074,luthier28,,10,SI
erdos_n1000_p0c0.2_6,42,3961075,luthier28,,10,SI
erdos_n1000_p0c0.2_7,42,3961076,luthier29,,10,SI
erdos_n1000_p0c0.2_8,42,3961077,luthier29,,10,SI
erdos_n1000_p0c0.2_9,42,3961078,luthier29,,10,SI
erdos_n1000_p0c0.3_10,42,3961109,luthier30,,10,SI
erdos_n1000_p0c0.3_11,42,3961110,luthier30,,10,SI
erdos_n1000_p0c0.3_12,42,3961111,luthier30,,10,SI
erdos_n1000_p0c0.3_13,42,3961112,luthier26,,10,SI
erdos_n1000_p0c0.3_14,42,3961113,luthier26,,10,SI
erdos_n1000_p0c0.3_15,42,3961114,luthier24,,10,SI
erdos_n1000_p0c0.3_16,42,3961115,luthier26,,10,SI
erdos_n1000_p0c0.3_17,42,3961116,luthier25,,10,SI
erdos_n1000_p0c0.3_18,42,3961117,luthier27,,10,SI
erdos_n1000_p0c0.3_19,42,3961118,luthier27,,10,SI
erdos_n1000_p0c0.3_1,42,3961100,luthier20,,10,SI
erdos_n1000_p0c0.3_20,42,3961119,luthier27,,10,SI
erdos_n1000_p0c0.3_21,42,3961120,luthier22,,10,SI
erdos_n1000_p0c0.3_22,42,3961121,luthier22,,10,SI
erdos_n1000_p0c0.3_23,42,3961122,luthier24,,10,SI
erdos_n1000_p0c0.3_24,42,3961123,luthier24,,10,SI
erdos_n1000_p0c0.3_25,42,3961124,luthier16,,10,SI
erdos_n1000_p0c0.3_26,42,3961125,luthier16,,10,SI
erdos_n1000_p0c0.3_27,42,3961126,luthier16,,10,SI
erdos_n1000_p0c0.3_28,42,3961127,luthier17,,10,SI
erdos_n1000_p0c0.3_29,42,3961128,luthier17,,10,SI
erdos_n1000_p0c0.3_2,42,3961101,luthier20,,10,SI
erdos_n1000_p0c0.3_30,42,3961129,luthier17,,10,SI
erdos_n1000_p0c0.3_3,42,3961102,luthier21,,10,SI
erdos_n1000_p0c0.3_4,42,3961103,luthier21,,10,SI
erdos_n1000_p0c0.3_5,42,3961104,luthier18,,10,SI
erdos_n1000_p0c0.3_6,42,3961105,luthier25,,10,SI
erdos_n1000_p0c0.3_7,42,3961106,luthier25,,10,SI
erdos_n1000_p0c0.3_8,42,3961107,luthier18,,10,SI
erdos_n1000_p0c0.3_9,42,3961108,luthier22,,10,SI
erdos_n1000_p0c0.4_10,42,3961139,luthier29,,10,SI
erdos_n1000_p0c0.4_11,42,3961140,luthier21,,10,SI
erdos_n1000_p0c0.4_12,42,3961141,luthier20,,10,SI
erdos_n1000_p0c0.4_13,42,3961142,luthier20,,10,SI
erdos_n1000_p0c0.4_14,42,3961143,luthier20,,10,SI
erdos_n1000_p0c0.4_15,42,3961144,luthier21,,10,SI
erdos_n1000_p0c0.4_16,42,3961145,luthier21,,10,SI
erdos_n1000_p0c0.4_17,42,3961146,luthier18,,10,SI
erdos_n1000_p0c0.4_18,42,3961147,luthier25,,10,SI
erdos_n1000_p0c0.4_19,42,3961148,luthier25,,10,SI
erdos_n1000_p0c0.4_1,42,3961130,luthier23,,10,SI
erdos_n1000_p0c0.4_20,42,3961149,luthier18,,10,SI
erdos_n1000_p0c0.4_21,42,3961150,luthier22,,10,SI
erdos_n1000_p0c0.4_22,42,3961151,luthier30,,10,SI
erdos_n1000_p0c0.4_23,42,3961152,luthier30,,10,SI
erdos_n1000_p0c0.4_24,42,3961153,luthier30,,10,SI
erdos_n1000_p0c0.4_25,42,3961154,luthier26,,10,SI
erdos_n1000_p0c0.4_26,42,3961155,luthier26,,10,SI
erdos_n1000_p0c0.4_27,42,3961156,luthier26,,10,SI
erdos_n1000_p0c0.4_28,42,3961157,luthier24,,10,SI
erdos_n1000_p0c0.4_29,42,3961158,luthier25,,10,SI
erdos_n1000_p0c0.4_2,42,3961131,luthier23,,10,SI
erdos_n1000_p0c0.4_30,42,3961159,luthier27,,10,SI
erdos_n1000_p0c0.4_3,42,3961132,luthier23,,10,SI
erdos_n1000_p0c0.4_4,42,3961133,luthier29,,10,SI
erdos_n1000_p0c0.4_5,42,3961134,luthier28,,10,SI
erdos_n1000_p0c0.4_6,42,3961135,luthier18,,10,SI
erdos_n1000_p0c0.4_7,42,3961136,luthier28,,10,SI
erdos_n1000_p0c0.4_8,42,3961137,luthier29,,10,SI
erdos_n1000_p0c0.4_9,42,3961138,luthier28,,10,SI
erdos_n1000_p0c0.5_10,42,3961169,luthier17,,10,SI
erdos_n1000_p0c0.5_11,42,3961170,luthier17,,10,SI
erdos_n1000_p0c0.5_12,42,3961171,luthier17,,10,SI
erdos_n1000_p0c0.5_13,42,3961172,luthier23,,10,SI
erdos_n1000_p0c0.5_14,42,3961173,luthier23,,10,SI
erdos_n1000_p0c0.5_15,42,3961174,luthier23,,10,SI
erdos_n1000_p0c0.5_16,42,3961175,luthier28,,10,SI
erdos_n1000_p0c0.5_17,42,3961176,luthier28,,10,SI
erdos_n1000_p0c0.5_18,42,3961177,luthier18,,10,SI
erdos_n1000_p0c0.5_19,42,3961178,luthier28,,10,SI
erdos_n1000_p0c0.5_1,42,3961160,luthier27,,10,SI
erdos_n1000_p0c0.5_20,42,3961179,luthier29,,10,SI
erdos_n1000_p0c0.5_21,42,3961180,luthier29,,10,SI
erdos_n1000_p0c0.5_22,42,3961181,luthier29,,10,SI
erdos_n1000_p0c0.5_23,42,3961182,luthier20,,10,SI
erdos_n1000_p0c0.5_24,42,3961183,luthier20,,10,SI
erdos_n1000_p0c0.5_25,42,3961184,luthier20,,10,SI
erdos_n1000_p0c0.5_26,42,3961185,luthier21,,10,SI
erdos_n1000_p0c0.5_27,42,3961186,luthier21,,10,SI
erdos_n1000_p0c0.5_28,42,3961187,luthier21,,10,SI
erdos_n1000_p0c0.5_29,42,3961188,luthier18,,10,SI
erdos_n1000_p0c0.5_2,42,3961161,luthier27,,10,SI
erdos_n1000_p0c0.5_30,42,3961189,luthier25,,10,SI
erdos_n1000_p0c0.5_3,42,3961162,luthier22,,10,SI
erdos_n1000_p0c0.5_4,42,3961163,luthier22,,10,SI
erdos_n1000_p0c0.5_5,42,3961164,luthier24,,10,SI
erdos_n1000_p0c0.5_6,42,3961165,luthier24,,10,SI
erdos_n1000_p0c0.5_7,42,3961166,luthier16,,10,SI
erdos_n1000_p0c0.5_8,42,3961167,luthier16,,10,SI
erdos_n1000_p0c0.5_9,42,3961168,luthier16,,10,SI
erdos_n1000_p0c0.6_10,42,3961199,luthier26,,10,SI
erdos_n1000_p0c0.6_11,42,3961200,luthier27,,10,SI
erdos_n1000_p0c0.6_12,42,3961201,luthier25,,10,SI
erdos_n1000_p0c0.6_13,42,3961202,luthier27,,10,SI
erdos_n1000_p0c0.6_14,42,3961203,luthier27,,10,SI
erdos_n1000_p0c0.6_15,42,3961204,luthier22,,10,SI
erdos_n1000_p0c0.6_16,42,3961205,luthier22,,10,SI
erdos_n1000_p0c0.6_17,42,3961206,luthier24,,10,SI
erdos_n1000_p0c0.6_18,42,3961207,luthier24,,10,SI
erdos_n1000_p0c0.6_19,42,3961208,luthier16,,10,SI
erdos_n1000_p0c0.6_1,42,3961190,luthier25,,10,SI
erdos_n1000_p0c0.6_20,42,3961209,luthier16,,10,SI
erdos_n1000_p0c0.6_21,42,3961210,luthier16,,10,SI
erdos_n1000_p0c0.6_22,42,3961211,luthier17,,10,SI
erdos_n1000_p0c0.6_23,42,3961212,luthier17,,10,SI
erdos_n1000_p0c0.6_24,42,3961213,luthier17,,10,SI
erdos_n1000_p0c0.6_25,42,3961214,luthier23,,10,SI
erdos_n1000_p0c0.6_26,42,3961215,luthier23,,10,SI
erdos_n1000_p0c0.6_27,42,3961216,luthier28,,10,SI
erdos_n1000_p0c0.6_28,42,3961217,luthier23,,10,SI
erdos_n1000_p0c0.6_29,42,3961218,luthier18,,10,SI
erdos_n1000_p0c0.6_2,42,3961191,luthier18,,10,SI
erdos_n1000_p0c0.6_30,42,3961219,luthier28,,10,SI
erdos_n1000_p0c0.6_3,42,3961192,luthier22,,10,SI
erdos_n1000_p0c0.6_4,42,3961193,luthier30,,10,SI
erdos_n1000_p0c0.6_5,42,3961194,luthier30,,10,SI
erdos_n1000_p0c0.6_6,42,3961195,luthier30,,10,SI
erdos_n1000_p0c0.6_7,42,3961196,luthier26,,10,SI
erdos_n1000_p0c0.6_8,42,3961197,luthier26,,10,SI
erdos_n1000_p0c0.6_9,42,3961198,luthier24,,10,SI
erdos_n1000_p0c0.7_10,42,3961229,luthier21,,10,SI
erdos_n1000_p0c0.7_11,42,3961230,luthier18,,10,SI
erdos_n1000_p0c0.7_12,42,3961231,luthier25,,10,SI
erdos_n1000_p0c0.7_13,42,3961232,luthier25,,10,SI
erdos_n1000_p0c0.7_14,42,3961233,luthier18,,10,SI
erdos_n1000_p0c0.7_15,42,3961234,luthier30,,10,SI
erdos_n1000_p0c0.7_16,42,3961235,luthier22,,10,SI
erdos_n1000_p0c0.7_17,42,3961236,luthier30,,10,SI
erdos_n1000_p0c0.7_18,42,3961237,luthier30,,10,SI
erdos_n1000_p0c0.7_19,42,3961238,luthier26,,10,SI
erdos_n1000_p0c0.7_1,42,3961220,luthier29,,10,SI
erdos_n1000_p0c0.7_20,42,3961239,luthier26,,10,SI
erdos_n1000_p0c0.7_21,42,3961240,luthier24,,10,SI
erdos_n1000_p0c0.7_22,42,3961241,luthier26,,10,SI
erdos_n1000_p0c0.7_23,42,3961242,luthier25,,10,SI
erdos_n1000_p0c0.7_24,42,3961243,luthier27,,10,SI
erdos_n1000_p0c0.7_25,42,3961244,luthier27,,10,SI
erdos_n1000_p0c0.7_26,42,3961245,luthier22,,10,SI
erdos_n1000_p0c0.7_27,42,3961246,luthier27,,10,SI
erdos_n1000_p0c0.7_28,42,3961247,luthier22,,10,SI
erdos_n1000_p0c0.7_29,42,3961248,luthier24,,10,SI
erdos_n1000_p0c0.7_2,42,3961221,luthier28,,10,SI
erdos_n1000_p0c0.7_30,42,3961249,luthier24,,10,SI
erdos_n1000_p0c0.7_3,42,3961222,luthier29,,10,SI
erdos_n1000_p0c0.7_4,42,3961223,luthier29,,10,SI
erdos_n1000_p0c0.7_5,42,3961224,luthier20,,10,SI
erdos_n1000_p0c0.7_6,42,3961225,luthier20,,10,SI
erdos_n1000_p0c0.7_7,42,3961226,luthier20,,10,SI
erdos_n1000_p0c0.7_8,42,3961227,luthier21,,10,SI
erdos_n1000_p0c0.7_9,42,3961228,luthier21,,10,SI
erdos_n1000_p0c0.8_10,42,3961259,luthier28,,10,SI
erdos_n1000_p0c0.8_11,42,3961260,luthier18,,10,SI
erdos_n1000_p0c0.8_12,42,3961261,luthier29,,10,SI
erdos_n1000_p0c0.8_13,42,3961262,luthier28,,10,SI
erdos_n1000_p0c0.8_14,42,3961263,luthier28,,10,SI
erdos_n1000_p0c0.8_15,42,3961264,luthier29,,10,SI
erdos_n1000_p0c0.8_16,42,3961265,luthier29,,10,SI
erdos_n1000_p0c0.8_17,42,3961266,luthier21,,10,SI
erdos_n1000_p0c0.8_18,42,3961267,luthier20,,10,SI
erdos_n1000_p0c0.8_19,42,3961268,luthier20,,10,SI
erdos_n1000_p0c0.8_1,42,3961250,luthier16,,10,SI
erdos_n1000_p0c0.8_20,42,3961269,luthier21,,10,SI
erdos_n1000_p0c0.8_21,42,3961270,luthier18,,10,SI
erdos_n1000_p0c0.8_22,42,3961271,luthier21,,10,SI
erdos_n1000_p0c0.8_23,42,3961272,luthier20,,10,SI
erdos_n1000_p0c0.8_24,42,3961273,luthier25,,10,SI
erdos_n1000_p0c0.8_25,42,3961274,luthier25,,10,SI
erdos_n1000_p0c0.8_26,42,3961275,luthier18,,10,SI
erdos_n1000_p0c0.8_27,42,3961276,luthier30,,10,SI
erdos_n1000_p0c0.8_28,42,3961277,luthier22,,10,SI
erdos_n1000_p0c0.8_29,42,3961278,luthier30,,10,SI
erdos_n1000_p0c0.8_2,42,3961251,luthier16,,10,SI
erdos_n1000_p0c0.8_30,42,3961279,luthier26,,10,SI
erdos_n1000_p0c0.8_3,42,3961252,luthier16,,10,SI
erdos_n1000_p0c0.8_4,42,3961253,luthier17,,10,SI
erdos_n1000_p0c0.8_5,42,3961254,luthier17,,10,SI
erdos_n1000_p0c0.8_6,42,3961255,luthier17,,10,SI
erdos_n1000_p0c0.8_7,42,3961256,luthier23,,10,SI
erdos_n1000_p0c0.8_8,42,3961257,luthier23,,10,SI
erdos_n1000_p0c0.8_9,42,3961258,luthier23,,10,SI
erdos_n1000_p0c0.9_10,42,3961289,luthier27,,10,SI
erdos_n1000_p0c0.9_11,42,3961290,luthier24,,10,SI
erdos_n1000_p0c0.9_12,42,3961291,luthier24,,10,SI
erdos_n1000_p0c0.9_13,42,3961292,luthier16,,10,SI
erdos_n1000_p0c0.9_14,42,3961293,luthier16,,10,SI
erdos_n1000_p0c0.9_15,42,3961294,luthier17,,10,SI
erdos_n1000_p0c0.9_16,42,3961295,luthier16,,10,SI
erdos_n1000_p0c0.9_17,42,3961296,luthier17,,10,SI
erdos_n1000_p0c0.9_18,42,3961297,luthier17,,10,SI
erdos_n1000_p0c0.9_19,42,3961298,luthier23,,10,SI
erdos_n1000_p0c0.9_1,42,3961280,luthier26,,10,SI
erdos_n1000_p0c0.9_20,42,3961299,luthier23,,10,SI
erdos_n1000_p0c0.9_21,42,3961300,luthier23,,10,SI
erdos_n1000_p0c0.9_22,42,3961301,luthier29,,10,SI
erdos_n1000_p0c0.9_23,42,3961302,luthier28,,10,SI
erdos_n1000_p0c0.9_24,42,3961303,luthier29,,10,SI
erdos_n1000_p0c0.9_25,42,3961304,luthier29,,10,SI
erdos_n1000_p0c0.9_26,42,3961305,luthier18,,10,SI
erdos_n1000_p0c0.9_27,42,3961306,luthier28,,10,SI
erdos_n1000_p0c0.9_28,42,3961307,luthier28,,10,SI
erdos_n1000_p0c0.9_29,42,3961308,luthier20,,10,SI
erdos_n1000_p0c0.9_2,42,3961281,luthier24,,10,SI
erdos_n1000_p0c0.9_30,42,3961309,luthier18,,10,SI
erdos_n1000_p0c0.9_3,42,3961282,luthier30,,10,SI
erdos_n1000_p0c0.9_4,42,3961283,luthier26,,10,SI
erdos_n1000_p0c0.9_5,42,3961284,luthier27,,10,SI
erdos_n1000_p0c0.9_6,42,3961285,luthier27,,10,SI
erdos_n1000_p0c0.9_7,42,3961286,luthier22,,10,SI
erdos_n1000_p0c0.9_8,42,3961287,luthier25,,10,SI
erdos_n1000_p0c0.9_9,42,3961288,luthier22,,10,SI
erdos_n2000_p0c0.1_10,42,3961319,luthier26,,10,SI
erdos_n2000_p0c0.1_11,42,3961320,luthier22,,10,SI
erdos_n2000_p0c0.1_12,42,3961321,luthier30,,10,SI
erdos_n2000_p0c0.1_13,42,3961322,luthier30,,10,SI
erdos_n2000_p0c0.1_14,42,3961323,luthier24,,10,SI
erdos_n2000_p0c0.1_15,42,3961324,luthier26,,10,SI
erdos_n2000_p0c0.1_16,42,3961325,luthier26,,10,SI
erdos_n2000_p0c0.1_17,42,3961326,luthier27,,10,SI
erdos_n2000_p0c0.1_18,42,3961327,luthier22,,10,SI
erdos_n2000_p0c0.1_19,42,3961328,luthier27,,10,SI
erdos_n2000_p0c0.1_1,42,3961310,luthier20,,10,SI
erdos_n2000_p0c0.1_20,42,3961329,luthier25,,10,SI
erdos_n2000_p0c0.1_21,42,3961330,luthier27,,10,SI
erdos_n2000_p0c0.1_22,42,3961331,luthier22,,10,SI
erdos_n2000_p0c0.1_23,42,3961332,luthier24,,10,SI
erdos_n2000_p0c0.1_24,42,3961333,luthier24,,10,SI
erdos_n2000_p0c0.1_25,42,3961334,luthier16,,10,SI
erdos_n2000_p0c0.1_26,42,3961335,luthier16,,10,SI
erdos_n2000_p0c0.1_27,42,3961336,luthier17,,10,SI
erdos_n2000_p0c0.1_28,42,3961337,luthier16,,10,SI
erdos_n2000_p0c0.1_29,42,3961338,luthier17,,10,SI
erdos_n2000_p0c0.1_2,42,3961311,luthier21,,10,SI
erdos_n2000_p0c0.1_30,42,3961339,luthier17,,10,SI
erdos_n2000_p0c0.1_3,42,3961312,luthier21,,10,SI
erdos_n2000_p0c0.1_4,42,3961313,luthier20,,10,SI
erdos_n2000_p0c0.1_5,42,3961314,luthier21,,10,SI
erdos_n2000_p0c0.1_6,42,3961315,luthier18,,10,SI
erdos_n2000_p0c0.1_7,42,3961316,luthier25,,10,SI
erdos_n2000_p0c0.1_8,42,3961317,luthier30,,10,SI
erdos_n2000_p0c0.1_9,42,3961318,luthier25,,10,SI
erdos_n2000_p0c0.2_10,42,3961349,luthier29,,10,SI
erdos_n2000_p0c0.2_11,42,3961350,luthier18,,10,SI
erdos_n2000_p0c0.2_12,42,3961351,luthier21,,10,SI
erdos_n2000_p0c0.2_13,42,3961352,luthier20,,10,SI
erdos_n2000_p0c0.2_14,42,3961353,luthier21,,10,SI
erdos_n2000_p0c0.2_15,42,3961354,luthier21,,10,SI
erdos_n2000_p0c0.2_16,42,3961355,luthier30,,10,SI
erdos_n2000_p0c0.2_17,42,3961356,luthier26,,10,SI
erdos_n2000_p0c0.2_18,42,3961357,luthier20,,10,SI
erdos_n2000_p0c0.2_19,42,3961358,luthier30,,10,SI
erdos_n2000_p0c0.2_1,42,3961340,luthier23,,10,SI
erdos_n2000_p0c0.2_20,42,3961359,luthier20,,10,SI
erdos_n2000_p0c0.2_21,42,3961360,luthier25,,10,SI
erdos_n2000_p0c0.2_22,42,3961361,luthier26,,10,SI
erdos_n2000_p0c0.2_23,42,3961362,luthier30,,10,SI
erdos_n2000_p0c0.2_24,42,3961363,luthier26,,10,SI
erdos_n2000_p0c0.2_25,42,3961364,luthier27,,10,SI
erdos_n2000_p0c0.2_26,42,3961365,luthier24,,10,SI
erdos_n2000_p0c0.2_27,42,3961366,luthier18,,10,SI
erdos_n2000_p0c0.2_28,42,3961367,luthier22,,10,SI
erdos_n2000_p0c0.2_29,42,3961368,luthier25,,10,SI
erdos_n2000_p0c0.2_2,42,3961341,luthier23,,10,SI
erdos_n2000_p0c0.2_30,42,3961369,luthier22,,10,SI
erdos_n2000_p0c0.2_3,42,3961342,luthier29,,10,SI
erdos_n2000_p0c0.2_4,42,3961343,luthier23,,10,SI
erdos_n2000_p0c0.2_5,42,3961344,luthier28,,10,SI
erdos_n2000_p0c0.2_6,42,3961345,luthier29,,10,SI
erdos_n2000_p0c0.2_7,42,3961346,luthier18,,10,SI
erdos_n2000_p0c0.2_8,42,3961347,luthier28,,10,SI
erdos_n2000_p0c0.2_9,42,3961348,luthier28,,10,SI
erdos_n2000_p0c0.3_10,42,3961379,luthier17,,10,SI
erdos_n2000_p0c0.3_11,42,3961380,luthier16,,10,SI
erdos_n2000_p0c0.3_12,42,3961381,luthier17,,10,SI
erdos_n2000_p0c0.3_13,42,3961382,luthier17,,10,SI
erdos_n2000_p0c0.3_14,42,3961383,luthier28,,10,SI
erdos_n2000_p0c0.3_15,42,3961384,luthier23,,10,SI
erdos_n2000_p0c0.3_16,42,3961385,luthier29,,10,SI
erdos_n2000_p0c0.3_17,42,3961386,luthier23,,10,SI
erdos_n2000_p0c0.3_18,42,3961387,luthier29,,10,SI
erdos_n2000_p0c0.3_19,42,3961388,luthier29,,10,SI
erdos_n2000_p0c0.3_1,42,3961370,luthier27,,10,SI
erdos_n2000_p0c0.3_20,42,3961389,luthier28,,10,SI
erdos_n2000_p0c0.3_21,42,3961390,luthier18,,10,SI
erdos_n2000_p0c0.3_22,42,3961391,luthier21,,10,SI
erdos_n2000_p0c0.3_23,42,3961392,luthier18,,10,SI
erdos_n2000_p0c0.3_24,42,3961393,luthier28,,10,SI
erdos_n2000_p0c0.3_25,42,3961394,luthier20,,10,SI
erdos_n2000_p0c0.3_26,42,3961395,luthier30,,10,SI
erdos_n2000_p0c0.3_27,42,3961396,luthier20,,10,SI
erdos_n2000_p0c0.3_28,42,3961397,luthier21,,10,SI
erdos_n2000_p0c0.3_29,42,3961398,luthier21,,10,SI
erdos_n2000_p0c0.3_2,42,3961371,luthier27,,10,SI
erdos_n2000_p0c0.3_30,42,3961399,luthier30,,10,SI
erdos_n2000_p0c0.3_3,42,3961372,luthier24,,10,SI
erdos_n2000_p0c0.3_4,42,3961373,luthier22,,10,SI
erdos_n2000_p0c0.3_5,42,3961374,luthier25,,10,SI
erdos_n2000_p0c0.3_6,42,3961375,luthier24,,10,SI
erdos_n2000_p0c0.3_7,42,3961376,luthier16,,10,SI
erdos_n2000_p0c0.3_8,42,3961377,luthier23,,10,SI
erdos_n2000_p0c0.3_9,42,3961378,luthier16,,10,SI
erdos_n2000_p0c0.4_10,42,3961409,luthier22,,10,SI
erdos_n2000_p0c0.4_11,42,3961410,luthier24,,10,SI
erdos_n2000_p0c0.4_12,42,3961411,luthier27,,10,SI
erdos_n2000_p0c0.4_13,42,3961412,luthier27,,10,SI
erdos_n2000_p0c0.4_14,42,3961413,luthier24,,10,SI
erdos_n2000_p0c0.4_15,42,3961414,luthier26,,10,SI
erdos_n2000_p0c0.4_16,42,3961415,luthier22,,10,SI
erdos_n2000_p0c0.4_17,42,3961416,luthier24,,10,SI
erdos_n2000_p0c0.4_18,42,3961417,luthier25,,10,SI
erdos_n2000_p0c0.4_19,42,3961418,luthier16,,10,SI
erdos_n2000_p0c0.4_1,42,3961400,luthier26,,10,SI
erdos_n2000_p0c0.4_20,42,3961419,luthier16,,10,SI
erdos_n2000_p0c0.4_21,42,3961420,luthier17,,10,SI
erdos_n2000_p0c0.4_22,42,3961421,luthier16,,10,SI
erdos_n2000_p0c0.4_23,42,3961422,luthier23,,10,SI
erdos_n2000_p0c0.4_24,42,3961423,luthier17,,10,SI
erdos_n2000_p0c0.4_25,42,3961424,luthier17,,10,SI
erdos_n2000_p0c0.4_26,42,3961425,luthier23,,10,SI
erdos_n2000_p0c0.4_27,42,3961426,luthier29,,10,SI
erdos_n2000_p0c0.4_28,42,3961427,luthier29,,10,SI
erdos_n2000_p0c0.4_29,42,3961428,luthier28,,10,SI
erdos_n2000_p0c0.4_2,42,3961401,luthier26,,10,SI
erdos_n2000_p0c0.4_30,42,3961429,luthier23,,10,SI
erdos_n2000_p0c0.4_3,42,3961402,luthier30,,10,SI
erdos_n2000_p0c0.4_4,42,3961403,luthier25,,10,SI
erdos_n2000_p0c0.4_5,42,3961404,luthier18,,10,SI
erdos_n2000_p0c0.4_6,42,3961405,luthier27,,10,SI
erdos_n2000_p0c0.4_7,42,3961406,luthier22,,10,SI
erdos_n2000_p0c0.4_8,42,3961407,luthier25,,10,SI
erdos_n2000_p0c0.4_9,42,3961408,luthier20,,10,SI
erdos_n2000_p0c0.5_10,42,3961439,luthier21,,10,SI
erdos_n2000_p0c0.5_11,42,3961440,luthier21,,10,SI
erdos_n2000_p0c0.5_12,42,3961441,luthier30,,10,SI
erdos_n2000_p0c0.5_13,42,3961442,luthier30,,10,SI
erdos_n2000_p0c0.5_14,42,3961443,luthier26,,10,SI
erdos_n2000_p0c0.5_15,42,3961444,luthier26,,10,SI
erdos_n2000_p0c0.5_16,42,3961445,luthier25,,10,SI
erdos_n2000_p0c0.5_17,42,3961446,luthier27,,10,SI
erdos_n2000_p0c0.5_18,42,3961447,luthier25,,10,SI
erdos_n2000_p0c0.5_19,42,3961448,luthier18,,10,SI
erdos_n2000_p0c0.5_1,42,3961430,luthier28,,10,SI
erdos_n2000_p0c0.5_20,42,3961449,luthier24,,10,SI
erdos_n2000_p0c0.5_21,42,3961450,luthier22,,10,SI
erdos_n2000_p0c0.5_22,42,3961451,luthier20,,10,SI
erdos_n2000_p0c0.5_23,42,3961452,luthier22,,10,SI
erdos_n2000_p0c0.5_24,42,3961453,luthier27,,10,SI
erdos_n2000_p0c0.5_25,42,3961454,luthier24,,10,SI
erdos_n2000_p0c0.5_26,42,3961455,luthier27,,10,SI
erdos_n2000_p0c0.5_27,42,3961456,luthier26,,10,SI
erdos_n2000_p0c0.5_28,42,3961457,luthier24,,10,SI
erdos_n2000_p0c0.5_29,42,3961458,luthier25,,10,SI
erdos_n2000_p0c0.5_2,42,3961431,luthier29,,10,SI
erdos_n2000_p0c0.5_30,42,3961459,luthier22,,10,SI
erdos_n2000_p0c0.5_3,42,3961432,luthier18,,10,SI
erdos_n2000_p0c0.5_4,42,3961433,luthier18,,10,SI
erdos_n2000_p0c0.5_5,42,3961434,luthier21,,10,SI
erdos_n2000_p0c0.5_6,42,3961435,luthier28,,10,SI
erdos_n2000_p0c0.5_7,42,3961436,luthier30,,10,SI
erdos_n2000_p0c0.5_8,42,3961437,luthier20,,10,SI
erdos_n2000_p0c0.5_9,42,3961438,luthier20,,10,SI
erdos_n2000_p0c0.6_10,42,3961469,luthier28,,10,SI
erdos_n2000_p0c0.6_11,42,3961470,luthier29,,10,SI
erdos_n2000_p0c0.6_12,42,3961471,luthier23,,10,SI
erdos_n2000_p0c0.6_13,42,3961472,luthier29,,10,SI
erdos_n2000_p0c0.6_14,42,3961473,luthier28,,10,SI
erdos_n2000_p0c0.6_15,42,3961474,luthier28,,10,SI
erdos_n2000_p0c0.6_16,42,3961475,luthier18,,10,SI
erdos_n2000_p0c0.6_17,42,3961476,luthier21,,10,SI
erdos_n2000_p0c0.6_18,42,3961477,luthier20,,10,SI
erdos_n2000_p0c0.6_19,42,3961478,luthier21,,10,SI
erdos_n2000_p0c0.6_1,42,3961460,luthier16,,10,SI
erdos_n2000_p0c0.6_20,42,3961479,luthier20,,10,SI
erdos_n2000_p0c0.6_21,42,3961480,luthier18,,10,SI
erdos_n2000_p0c0.6_22,42,3961481,luthier30,,10,SI
erdos_n2000_p0c0.6_23,42,3961482,luthier21,,10,SI
erdos_n2000_p0c0.6_24,42,3961483,luthier30,,10,SI
erdos_n2000_p0c0.6_25,42,3961484,luthier30,,10,SI
erdos_n2000_p0c0.6_26,42,3961485,luthier25,,10,SI
erdos_n2000_p0c0.6_27,42,3961486,luthier26,,10,SI
erdos_n2000_p0c0.6_28,42,3961487,luthier22,,10,SI
erdos_n2000_p0c0.6_29,42,3961488,luthier26,,10,SI
erdos_n2000_p0c0.6_2,42,3961461,luthier17,,10,SI
erdos_n2000_p0c0.6_30,42,3961489,luthier24,,10,SI
erdos_n2000_p0c0.6_3,42,3961462,luthier16,,10,SI
erdos_n2000_p0c0.6_4,42,3961463,luthier17,,10,SI
erdos_n2000_p0c0.6_5,42,3961464,luthier23,,10,SI
erdos_n2000_p0c0.6_6,42,3961465,luthier23,,10,SI
erdos_n2000_p0c0.6_7,42,3961466,luthier16,,10,SI
erdos_n2000_p0c0.6_8,42,3961467,luthier17,,10,SI
erdos_n2000_p0c0.6_9,42,3961468,luthier29,,10,SI
erdos_n2000_p0c0.7_10,42,3961499,luthier25,,10,SI
erdos_n2000_p0c0.7_11,42,3961500,luthier27,,10,SI
erdos_n2000_p0c0.7_12,42,3961501,luthier22,,10,SI
erdos_n2000_p0c0.7_13,42,3961502,luthier17,,10,SI
erdos_n2000_p0c0.7_14,42,3961503,luthier16,,10,SI
erdos_n2000_p0c0.7_15,42,3961504,luthier16,,10,SI
erdos_n2000_p0c0.7_16,42,3961505,luthier23,,10,SI
erdos_n2000_p0c0.7_17,42,3961506,luthier17,,10,SI
erdos_n2000_p0c0.7_18,42,3961507,luthier16,,10,SI
erdos_n2000_p0c0.7_19,42,3961508,luthier29,,10,SI
erdos_n2000_p0c0.7_1,42,3961490,luthier27,,10,SI
erdos_n2000_p0c0.7_20,42,3961509,luthier17,,10,SI
erdos_n2000_p0c0.7_21,42,3961510,luthier23,,10,SI
erdos_n2000_p0c0.7_22,42,3961511,luthier29,,10,SI
erdos_n2000_p0c0.7_23,42,3961512,luthier29,,10,SI
erdos_n2000_p0c0.7_24,42,3961513,luthier28,,10,SI
erdos_n2000_p0c0.7_25,42,3961514,luthier23,,10,SI
erdos_n2000_p0c0.7_26,42,3961515,luthier21,,10,SI
erdos_n2000_p0c0.7_27,42,3961516,luthier18,,10,SI
erdos_n2000_p0c0.7_28,42,3961517,luthier18,,10,SI
erdos_n2000_p0c0.7_29,42,3961518,luthier28,,10,SI
erdos_n2000_p0c0.7_2,42,3961491,luthier18,,10,SI
erdos_n2000_p0c0.7_30,42,3961519,luthier20,,10,SI
erdos_n2000_p0c0.7_3,42,3961492,luthier24,,10,SI
erdos_n2000_p0c0.7_4,42,3961493,luthier25,,10,SI
erdos_n2000_p0c0.7_5,42,3961494,luthier22,,10,SI
erdos_n2000_p0c0.7_6,42,3961495,luthier20,,10,SI
erdos_n2000_p0c0.7_7,42,3961496,luthier27,,10,SI
erdos_n2000_p0c0.7_8,42,3961497,luthier24,,10,SI
erdos_n2000_p0c0.7_9,42,3961498,luthier26,,10,SI
erdos_n2000_p0c0.8_10,42,3961529,luthier26,,10,SI
erdos_n2000_p0c0.8_11,42,3961530,luthier24,,10,SI
erdos_n2000_p0c0.8_12,42,3961531,luthier22,,10,SI
erdos_n2000_p0c0.8_13,42,3961532,luthier27,,10,SI
erdos_n2000_p0c0.8_14,42,3961533,luthier20,,10,SI
erdos_n2000_p0c0.8_15,42,3961534,luthier26,,10,SI
erdos_n2000_p0c0.8_16,42,3961535,luthier18,,10,SI
erdos_n2000_p0c0.8_17,42,3961536,luthier24,,10,SI
erdos_n2000_p0c0.8_18,42,3961537,luthier22,,10,SI
erdos_n2000_p0c0.8_19,42,3961538,luthier22,,10,SI
erdos_n2000_p0c0.8_1,42,3961520,luthier28,,10,SI
erdos_n2000_p0c0.8_20,42,3961539,luthier24,,10,SI
erdos_n2000_p0c0.8_21,42,3961540,luthier25,,10,SI
erdos_n2000_p0c0.8_22,42,3961541,luthier26,,10,SI
erdos_n2000_p0c0.8_23,42,3961542,luthier27,,10,SI
erdos_n2000_p0c0.8_24,42,3961543,luthier27,,10,SI
erdos_n2000_p0c0.8_25,42,3961544,luthier17,,10,SI
erdos_n2000_p0c0.8_26,42,3961545,luthier17,,10,SI
erdos_n2000_p0c0.8_27,42,3961546,luthier16,,10,SI
erdos_n2000_p0c0.8_28,42,3961547,luthier16,,10,SI
erdos_n2000_p0c0.8_29,42,3961548,luthier16,,10,SI
erdos_n2000_p0c0.8_2,42,3961521,luthier21,,10,SI
erdos_n2000_p0c0.8_30,42,3961549,luthier29,,10,SI
erdos_n2000_p0c0.8_3,42,3961522,luthier20,,10,SI
erdos_n2000_p0c0.8_4,42,3961523,luthier30,,10,SI
erdos_n2000_p0c0.8_5,42,3961524,luthier25,,10,SI
erdos_n2000_p0c0.8_6,42,3961525,luthier30,,10,SI
erdos_n2000_p0c0.8_7,42,3961526,luthier21,,10,SI
erdos_n2000_p0c0.8_8,42,3961527,luthier30,,10,SI
erdos_n2000_p0c0.8_9,42,3961528,luthier25,,10,SI
erdos_n2000_p0c0.9_10,42,3961559,luthier28,,10,SI
erdos_n2000_p0c0.9_11,42,3961560,luthier28,,10,SI
erdos_n2000_p0c0.9_12,42,3961561,luthier29,,10,SI
erdos_n2000_p0c0.9_13,42,3961562,luthier21,,10,SI
erdos_n2000_p0c0.9_14,42,3961563,luthier20,,10,SI
erdos_n2000_p0c0.9_15,42,3961564,luthier20,,10,SI
erdos_n2000_p0c0.9_16,42,3961565,luthier21,,10,SI
erdos_n2000_p0c0.9_17,42,3961566,luthier25,,10,SI
erdos_n2000_p0c0.9_18,42,3961567,luthier30,,10,SI
erdos_n2000_p0c0.9_19,42,3961568,luthier30,,10,SI
erdos_n2000_p0c0.9_1,42,3961550,luthier23,,10,SI
erdos_n2000_p0c0.9_20,42,3961569,luthier30,,10,SI
erdos_n2000_p0c0.9_21,42,3961570,luthier25,,10,SI
erdos_n2000_p0c0.9_22,42,3961571,luthier26,,10,SI
erdos_n2000_p0c0.9_23,42,3961572,luthier24,,10,SI
erdos_n2000_p0c0.9_24,42,3961573,luthier22,,10,SI
erdos_n2000_p0c0.9_25,42,3961574,luthier20,,10,SI
erdos_n2000_p0c0.9_26,42,3961575,luthier24,,10,SI
erdos_n2000_p0c0.9_27,42,3961576,luthier26,,10,SI
erdos_n2000_p0c0.9_28,42,3961577,luthier27,,10,SI
erdos_n2000_p0c0.9_29,42,3961578,luthier22,,10,SI
erdos_n2000_p0c0.9_2,42,3961551,luthier18,,10,SI
erdos_n2000_p0c0.9_30,42,3961579,luthier18,,10,SI
erdos_n2000_p0c0.9_3,42,3961552,luthier23,,10,SI
erdos_n2000_p0c0.9_4,42,3961553,luthier29,,10,SI
erdos_n2000_p0c0.9_5,42,3961554,luthier17,,10,SI
erdos_n2000_p0c0.9_6,42,3961555,luthier21,,10,SI
erdos_n2000_p0c0.9_7,42,3961556,luthier18,,10,SI
erdos_n2000_p0c0.9_8,42,3961557,luthier28,,10,SI
erdos_n2000_p0c0.9_9,42,3961558,luthier23,,10,SI
erdos_n3000_p0c0.1_10,42,3961589,luthier16,,10,SI
erdos_n3000_p0c0.1_11,42,3961590,luthier16,,10,SI
erdos_n3000_p0c0.1_12,42,3961591,luthier18,,10,SI
erdos_n3000_p0c0.1_13,42,3961592,luthier29,,10,SI
erdos_n3000_p0c0.1_14,42,3961593,luthier23,,10,SI
erdos_n3000_p0c0.1_15,42,3961594,luthier29,,10,SI
erdos_n3000_p0c0.1_16,42,3961595,luthier21,,10,SI
erdos_n3000_p0c0.1_17,42,3961596,luthier29,,10,SI
erdos_n3000_p0c0.1_18,42,3961597,luthier23,,10,SI
erdos_n3000_p0c0.1_19,42,3961598,luthier28,,10,SI
erdos_n3000_p0c0.1_1,42,3961580,luthier25,,10,SI
erdos_n3000_p0c0.1_20,42,3961599,luthier18,,10,SI
erdos_n3000_p0c0.1_21,42,3961600,luthier21,,10,SI
erdos_n3000_p0c0.1_22,42,3961601,luthier23,,10,SI
erdos_n3000_p0c0.1_23,42,3961602,luthier28,,10,SI
erdos_n3000_p0c0.1_24,42,3961603,luthier17,,10,SI
erdos_n3000_p0c0.1_25,42,3961604,luthier20,,10,SI
erdos_n3000_p0c0.1_26,42,3961605,luthier26,,10,SI
erdos_n3000_p0c0.1_27,42,3961606,luthier28,,10,SI
erdos_n3000_p0c0.1_28,42,3961607,luthier20,,10,SI
erdos_n3000_p0c0.1_29,42,3961608,luthier25,,10,SI
erdos_n3000_p0c0.1_2,42,3961581,luthier22,,10,SI
erdos_n3000_p0c0.1_30,42,3961609,luthier25,,10,SI
erdos_n3000_p0c0.1_3,42,3961582,luthier26,,10,SI
erdos_n3000_p0c0.1_4,42,3961583,luthier27,,10,SI
erdos_n3000_p0c0.1_5,42,3961584,luthier27,,10,SI
erdos_n3000_p0c0.1_6,42,3961585,luthier24,,10,SI
erdos_n3000_p0c0.1_7,42,3961586,luthier17,,10,SI
erdos_n3000_p0c0.1_8,42,3961587,luthier17,,10,SI
erdos_n3000_p0c0.1_9,42,3961588,luthier16,,10,SI
erdos_n3000_p0c0.2_10,42,3961619,luthier26,,10,SI
erdos_n3000_p0c0.2_11,42,3961620,luthier22,,10,SI
erdos_n3000_p0c0.2_12,42,3961621,luthier27,,10,SI
erdos_n3000_p0c0.2_13,42,3961622,luthier22,,10,SI
erdos_n3000_p0c0.2_14,42,3961623,luthier24,,10,SI
erdos_n3000_p0c0.2_15,42,3961624,luthier30,,10,SI
erdos_n3000_p0c0.2_16,42,3961625,luthier22,,10,SI
erdos_n3000_p0c0.2_17,42,3961626,luthier30,,10,SI
erdos_n3000_p0c0.2_18,42,3961627,luthier18,,10,SI
erdos_n3000_p0c0.2_19,42,3961628,luthier17,,10,SI
erdos_n3000_p0c0.2_1,42,3961610,luthier21,,10,SI
erdos_n3000_p0c0.2_20,42,3961629,luthier17,,10,SI
erdos_n3000_p0c0.2_21,42,3961630,luthier16,,10,SI
erdos_n3000_p0c0.2_22,42,3961631,luthier16,,10,SI
erdos_n3000_p0c0.2_23,42,3961632,luthier16,,10,SI
erdos_n3000_p0c0.2_24,42,3961633,luthier23,,10,SI
erdos_n3000_p0c0.2_25,42,3961634,luthier29,,10,SI
erdos_n3000_p0c0.2_26,42,3961635,luthier29,,10,SI
erdos_n3000_p0c0.2_27,42,3961636,luthier21,,10,SI
erdos_n3000_p0c0.2_28,42,3961637,luthier23,,10,SI
erdos_n3000_p0c0.2_29,42,3961638,luthier18,,10,SI
erdos_n3000_p0c0.2_2,42,3961611,luthier20,,10,SI
erdos_n3000_p0c0.2_30,42,3961639,luthier21,,10,SI
erdos_n3000_p0c0.2_3,42,3961612,luthier26,,10,SI
erdos_n3000_p0c0.2_4,42,3961613,luthier24,,10,SI
erdos_n3000_p0c0.2_5,42,3961614,luthier25,,10,SI
erdos_n3000_p0c0.2_6,42,3961615,luthier30,,10,SI
erdos_n3000_p0c0.2_7,42,3961616,luthier27,,10,SI
erdos_n3000_p0c0.2_8,42,3961617,luthier27,,10,SI
erdos_n3000_p0c0.2_9,42,3961618,luthier24,,10,SI
erdos_n3000_p0c0.3_10,42,3961649,luthier17,,10,SI
erdos_n3000_p0c0.3_11,42,3961650,luthier25,,10,SI
erdos_n3000_p0c0.3_12,42,3961651,luthier21,,10,SI
erdos_n3000_p0c0.3_13,42,3961652,luthier25,,10,SI
erdos_n3000_p0c0.3_14,42,3961653,luthier26,,10,SI
erdos_n3000_p0c0.3_15,42,3961654,luthier30,,10,SI
erdos_n3000_p0c0.3_16,42,3961655,luthier20,,10,SI
erdos_n3000_p0c0.3_17,42,3961656,luthier27,,10,SI
erdos_n3000_p0c0.3_18,42,3961657,luthier24,,10,SI
erdos_n3000_p0c0.3_19,42,3961658,luthier20,,10,SI
erdos_n3000_p0c0.3_1,42,3961640,luthier28,,10,SI
erdos_n3000_p0c0.3_20,42,3961659,luthier27,,10,SI
erdos_n3000_p0c0.3_21,42,3961660,luthier24,,10,SI
erdos_n3000_p0c0.3_22,42,3961661,luthier27,,10,SI
erdos_n3000_p0c0.3_23,42,3961662,luthier22,,10,SI
erdos_n3000_p0c0.3_24,42,3961663,luthier30,,10,SI
erdos_n3000_p0c0.3_25,42,3961664,luthier22,,10,SI
erdos_n3000_p0c0.3_26,42,3961665,luthier22,,10,SI
erdos_n3000_p0c0.3_27,42,3961666,luthier24,,10,SI
erdos_n3000_p0c0.3_28,42,3961667,luthier26,,10,SI
erdos_n3000_p0c0.3_29,42,3961668,luthier18,,10,SI
erdos_n3000_p0c0.3_2,42,3961641,luthier23,,10,SI
erdos_n3000_p0c0.3_30,42,3961669,luthier30,,10,SI
erdos_n3000_p0c0.3_3,42,3961642,luthier20,,10,SI
erdos_n3000_p0c0.3_4,42,3961643,luthier26,,10,SI
erdos_n3000_p0c0.3_5,42,3961644,luthier18,,10,SI
erdos_n3000_p0c0.3_6,42,3961645,luthier29,,10,SI
erdos_n3000_p0c0.3_7,42,3961646,luthier28,,10,SI
erdos_n3000_p0c0.3_8,42,3961647,luthier28,,10,SI
erdos_n3000_p0c0.3_9,42,3961648,luthier25,,10,SI
erdos_n3000_p0c0.4_10,42,3961679,luthier21,,10,SI
erdos_n3000_p0c0.4_11,42,3961680,luthier28,,10,SI
erdos_n3000_p0c0.4_12,42,3961681,luthier21,,10,SI
erdos_n3000_p0c0.4_13,42,3961682,luthier18,,10,SI
erdos_n3000_p0c0.4_14,42,3961683,luthier23,,10,SI
erdos_n3000_p0c0.4_15,42,3961684,luthier29,,10,SI
erdos_n3000_p0c0.4_16,42,3961685,luthier26,,10,SI
erdos_n3000_p0c0.4_17,42,3961686,luthier25,,10,SI
erdos_n3000_p0c0.4_18,42,3961687,luthier20,,10,SI
erdos_n3000_p0c0.4_19,42,3961688,luthier28,,10,SI
erdos_n3000_p0c0.4_1,42,3961670,luthier17,,10,SI
erdos_n3000_p0c0.4_20,42,3961689,luthier18,,10,SI
erdos_n3000_p0c0.4_21,42,3961690,luthier17,,10,SI
erdos_n3000_p0c0.4_22,42,3961691,luthier25,,10,SI
erdos_n3000_p0c0.4_23,42,3961692,luthier20,,10,SI
erdos_n3000_p0c0.4_24,42,3961693,luthier28,,10,SI
erdos_n3000_p0c0.4_25,42,3961694,luthier24,,10,SI
erdos_n3000_p0c0.4_26,42,3961695,luthier30,,10,SI
erdos_n3000_p0c0.4_27,42,3961696,luthier20,,10,SI
erdos_n3000_p0c0.4_28,42,3961697,luthier25,,10,SI
erdos_n3000_p0c0.4_29,42,3961698,luthier24,,10,SI
erdos_n3000_p0c0.4_2,42,3961671,luthier16,,10,SI
erdos_n3000_p0c0.4_30,42,3961699,luthier27,,10,SI
erdos_n3000_p0c0.4_3,42,3961672,luthier16,,10,SI
erdos_n3000_p0c0.4_4,42,3961673,luthier17,,10,SI
erdos_n3000_p0c0.4_5,42,3961674,luthier16,,10,SI
erdos_n3000_p0c0.4_6,42,3961675,luthier29,,10,SI
erdos_n3000_p0c0.4_7,42,3961676,luthier29,,10,SI
erdos_n3000_p0c0.4_8,42,3961677,luthier23,,10,SI
erdos_n3000_p0c0.4_9,42,3961678,luthier23,,10,SI
erdos_n3000_p0c0.5_10,42,3961709,luthier30,,10,SI
erdos_n3000_p0c0.5_11,42,3961710,luthier27,,10,SI
erdos_n3000_p0c0.5_12,42,3961711,luthier22,,10,SI
erdos_n3000_p0c0.5_13,42,3961712,luthier16,,10,SI
erdos_n3000_p0c0.5_14,42,3961713,luthier17,,10,SI
erdos_n3000_p0c0.5_15,42,3961714,luthier29,,10,SI
erdos_n3000_p0c0.5_16,42,3961715,luthier17,,10,SI
erdos_n3000_p0c0.5_17,42,3961716,luthier23,,10,SI
erdos_n3000_p0c0.5_18,42,3961717,luthier16,,10,SI
erdos_n3000_p0c0.5_19,42,3961718,luthier29,,10,SI
erdos_n3000_p0c0.5_1,42,3961700,luthier21,,10,SI
erdos_n3000_p0c0.5_20,42,3961719,luthier16,,10,SI
erdos_n3000_p0c0.5_21,42,3961720,luthier21,,10,SI
erdos_n3000_p0c0.5_22,42,3961721,luthier23,,10,SI
erdos_n3000_p0c0.5_23,42,3961722,luthier28,,10,SI
erdos_n3000_p0c0.5_24,42,3961723,luthier21,,10,SI
erdos_n3000_p0c0.5_25,42,3961724,luthier18,,10,SI
erdos_n3000_p0c0.5_26,42,3961725,luthier23,,10,SI
erdos_n3000_p0c0.5_27,42,3961726,luthier26,,10,SI
erdos_n3000_p0c0.5_28,42,3961727,luthier29,,10,SI
erdos_n3000_p0c0.5_29,42,3961728,luthier28,,10,SI
erdos_n3000_p0c0.5_2,42,3961701,luthier26,,10,SI
erdos_n3000_p0c0.5_30,42,3961729,luthier25,,10,SI
erdos_n3000_p0c0.5_3,42,3961702,luthier24,,10,SI
erdos_n3000_p0c0.5_4,42,3961703,luthier18,,10,SI
erdos_n3000_p0c0.5_5,42,3961704,luthier22,,10,SI
erdos_n3000_p0c0.5_6,42,3961705,luthier22,,10,SI
erdos_n3000_p0c0.5_7,42,3961706,luthier27,,10,SI
erdos_n3000_p0c0.5_8,42,3961707,luthier30,,10,SI
erdos_n3000_p0c0.5_9,42,3961708,luthier26,,10,SI
erdos_n3000_p0c0.6_10,42,3961739,luthier21,,10,SI
erdos_n3000_p0c0.6_11,42,3961740,luthier27,,10,SI
erdos_n3000_p0c0.6_12,42,3961741,luthier26,,10,SI
erdos_n3000_p0c0.6_13,42,3961742,luthier20,,10,SI
erdos_n3000_p0c0.6_14,42,3961743,luthier24,,10,SI
erdos_n3000_p0c0.6_15,42,3961744,luthier27,,10,SI
erdos_n3000_p0c0.6_16,42,3961745,luthier30,,10,SI
erdos_n3000_p0c0.6_17,42,3961746,luthier18,,10,SI
erdos_n3000_p0c0.6_18,42,3961747,luthier22,,10,SI
erdos_n3000_p0c0.6_19,42,3961748,luthier22,,10,SI
erdos_n3000_p0c0.6_1,42,3961730,luthier25,,10,SI
erdos_n3000_p0c0.6_20,42,3961749,luthier26,,10,SI
erdos_n3000_p0c0.6_21,42,3961750,luthier27,,10,SI
erdos_n3000_p0c0.6_22,42,3961751,luthier22,,10,SI
erdos_n3000_p0c0.6_23,42,3961752,luthier30,,10,SI
erdos_n3000_p0c0.6_24,42,3961753,luthier24,,10,SI
erdos_n3000_p0c0.6_25,42,3961754,luthier17,,10,SI
erdos_n3000_p0c0.6_26,42,3961755,luthier16,,10,SI
erdos_n3000_p0c0.6_27,42,3961756,luthier29,,10,SI
erdos_n3000_p0c0.6_28,42,3961757,luthier23,,10,SI
erdos_n3000_p0c0.6_29,42,3961758,luthier17,,10,SI
erdos_n3000_p0c0.6_2,42,3961731,luthier20,,10,SI
erdos_n3000_p0c0.6_30,42,3961759,luthier16,,10,SI
erdos_n3000_p0c0.6_3,42,3961732,luthier20,,10,SI
erdos_n3000_p0c0.6_4,42,3961733,luthier18,,10,SI
erdos_n3000_p0c0.6_5,42,3961734,luthier28,,10,SI
erdos_n3000_p0c0.6_6,42,3961735,luthier17,,10,SI
erdos_n3000_p0c0.6_7,42,3961736,luthier24,,10,SI
erdos_n3000_p0c0.6_8,42,3961737,luthier25,,10,SI
erdos_n3000_p0c0.6_9,42,3961738,luthier30,,10,SI
erdos_n3000_p0c0.7_10,42,3961769,luthier25,,10,SI
erdos_n3000_p0c0.7_11,42,3961770,luthier28,,10,SI
erdos_n3000_p0c0.7_12,42,3961771,luthier25,,10,SI
erdos_n3000_p0c0.7_13,42,3961772,luthier26,,10,SI
erdos_n3000_p0c0.7_14,42,3961773,luthier17,,10,SI
erdos_n3000_p0c0.7_15,42,3961774,luthier28,,10,SI
erdos_n3000_p0c0.7_16,42,3961775,luthier18,,10,SI
erdos_n3000_p0c0.7_17,42,3961776,luthier20,,10,SI
erdos_n3000_p0c0.7_18,42,3961777,luthier25,,10,SI
erdos_n3000_p0c0.7_19,42,3961778,luthier20,,10,SI
erdos_n3000_p0c0.7_1,42,3961760,luthier16,,10,SI
erdos_n3000_p0c0.7_20,42,3961779,luthier21,,10,SI
erdos_n3000_p0c0.7_21,42,3961780,luthier30,,10,SI
erdos_n3000_p0c0.7_22,42,3961781,luthier24,,10,SI
erdos_n3000_p0c0.7_23,42,3961782,luthier27,,10,SI
erdos_n3000_p0c0.7_24,42,3961783,luthier26,,10,SI
erdos_n3000_p0c0.7_25,42,3961784,luthier20,,10,SI
erdos_n3000_p0c0.7_26,42,3961785,luthier24,,10,SI
erdos_n3000_p0c0.7_27,42,3961786,luthier30,,10,SI
erdos_n3000_p0c0.7_28,42,3961787,luthier18,,10,SI
erdos_n3000_p0c0.7_29,42,3961788,luthier24,,10,SI
erdos_n3000_p0c0.7_2,42,3961761,luthier21,,10,SI
erdos_n3000_p0c0.7_30,42,3961789,luthier27,,10,SI
erdos_n3000_p0c0.7_3,42,3961762,luthier29,,10,SI
erdos_n3000_p0c0.7_4,42,3961763,luthier23,,10,SI
erdos_n3000_p0c0.7_5,42,3961764,luthier21,,10,SI
erdos_n3000_p0c0.7_6,42,3961765,luthier28,,10,SI
erdos_n3000_p0c0.7_7,42,3961766,luthier18,,10,SI
erdos_n3000_p0c0.7_8,42,3961767,luthier23,,10,SI
erdos_n3000_p0c0.7_9,42,3961768,luthier29,,10,SI
erdos_n3000_p0c0.8_10,42,3961799,luthier23,,10,SI
erdos_n3000_p0c0.8_11,42,3961800,luthier17,,10,SI
erdos_n3000_p0c0.8_12,42,3961801,luthier16,,10,SI
erdos_n3000_p0c0.8_13,42,3961802,luthier16,,10,SI
erdos_n3000_p0c0.8_14,42,3961803,luthier29,,10,SI
erdos_n3000_p0c0.8_15,42,3961804,luthier21,,10,SI
erdos_n3000_p0c0.8_16,42,3961805,luthier23,,10,SI
erdos_n3000_p0c0.8_17,42,3961806,luthier21,,10,SI
erdos_n3000_p0c0.8_18,42,3961807,luthier18,,10,SI
erdos_n3000_p0c0.8_19,42,3961808,luthier28,,10,SI
erdos_n3000_p0c0.8_1,42,3961790,luthier26,,10,SI
erdos_n3000_p0c0.8_20,42,3961809,luthier23,,10,SI
erdos_n3000_p0c0.8_21,42,3961810,luthier29,,10,SI
erdos_n3000_p0c0.8_22,42,3961811,luthier25,,10,SI
erdos_n3000_p0c0.8_23,42,3961812,luthier28,,10,SI
erdos_n3000_p0c0.8_24,42,3961813,luthier25,,10,SI
erdos_n3000_p0c0.8_25,42,3961814,luthier26,,10,SI
erdos_n3000_p0c0.8_26,42,3961815,luthier17,,10,SI
erdos_n3000_p0c0.8_27,42,3961816,luthier28,,10,SI
erdos_n3000_p0c0.8_28,42,3961817,luthier18,,10,SI
erdos_n3000_p0c0.8_29,42,3961818,luthier25,,10,SI
erdos_n3000_p0c0.8_2,42,3961791,luthier22,,10,SI
erdos_n3000_p0c0.8_30,42,3961819,luthier20,,10,SI
erdos_n3000_p0c0.8_3,42,3961792,luthier22,,10,SI
erdos_n3000_p0c0.8_4,42,3961793,luthier27,,10,SI
erdos_n3000_p0c0.8_5,42,3961794,luthier22,,10,SI
erdos_n3000_p0c0.8_6,42,3961795,luthier30,,10,SI
erdos_n3000_p0c0.8_7,42,3961796,luthier17,,10,SI
erdos_n3000_p0c0.8_8,42,3961797,luthier16,,10,SI
erdos_n3000_p0c0.8_9,42,3961798,luthier29,,10,SI
erdos_n3000_p0c0.9_10,42,3961829,luthier30,,10,SI
erdos_n3000_p0c0.9_11,42,3961830,luthier30,,10,SI
erdos_n3000_p0c0.9_12,42,3961831,luthier18,,10,SI
erdos_n3000_p0c0.9_13,42,3961832,luthier27,,10,SI
erdos_n3000_p0c0.9_14,42,3961833,luthier24,,10,SI
erdos_n3000_p0c0.9_15,42,3961834,luthier16,,10,SI
erdos_n3000_p0c0.9_16,42,3961835,luthier16,,10,SI
erdos_n3000_p0c0.9_17,42,3961836,luthier22,,10,SI
erdos_n3000_p0c0.9_18,42,3961837,luthier17,,10,SI
erdos_n3000_p0c0.9_19,42,3961838,luthier27,,10,SI
erdos_n3000_p0c0.9_1,42,3961820,luthier21,,10,SI
erdos_n3000_p0c0.9_20,42,3961839,luthier22,,10,SI
erdos_n3000_p0c0.9_21,42,3961840,luthier22,,10,SI
erdos_n3000_p0c0.9_22,42,3961841,luthier23,,10,SI
erdos_n3000_p0c0.9_23,42,3961842,luthier29,,10,SI
erdos_n3000_p0c0.9_24,42,3961843,luthier17,,10,SI
erdos_n3000_p0c0.9_25,42,3961844,luthier18,,10,SI
erdos_n3000_p0c0.9_26,42,3961845,luthier21,,10,SI
erdos_n3000_p0c0.9_27,42,3961846,luthier23,,10,SI
erdos_n3000_p0c0.9_28,42,3961847,luthier23,,10,SI
erdos_n3000_p0c0.9_29,42,3961848,luthier16,,10,SI
erdos_n3000_p0c0.9_2,42,3961821,luthier20,,10,SI
erdos_n3000_p0c0.9_30,42,3961849,luthier29,,10,SI
erdos_n3000_p0c0.9_3,42,3961822,luthier30,,10,SI
erdos_n3000_p0c0.9_4,42,3961823,luthier24,,10,SI
erdos_n3000_p0c0.9_5,42,3961824,luthier26,,10,SI
erdos_n3000_p0c0.9_6,42,3961825,luthier27,,10,SI
erdos_n3000_p0c0.9_7,42,3961826,luthier20,,10,SI
erdos_n3000_p0c0.9_8,42,3961827,luthier26,,10,SI
erdos_n3000_p0c0.9_9,42,3961828,luthier24,,10,SI
